{"cameraMode":{"drawMode":0,"name":"Shaded","section":"Shading Mode"},"sceneLighting":true,"audioPlay":false,"sceneViewState":{"m_AlwaysRefresh":false,"showFog":true,"showSkybox":true,"showFlares":true,"showImageEffects":true,"showParticleSystems":true,"showVisualEffectGraphs":true,"m_FxEnabled":true},"in2DMode":false,"pivot":{"x":34.20770263671875,"y":-3.6159443855285646,"z":59.55083084106445},"rotation":{"x":0.15979179739952088,"y":0.21318766474723817,"z":-0.03537222370505333,"w":0.9632189869880676},"size":6.775631904602051,"orthographic":false}